dateid,day,month,year
1,5,9,2020
2,5,9,2020
3,5,9,2020
4,5,9,2020
5,5,9,2020
6,5,9,2020
7,5,9,2020
8,5,9,2020
9,5,9,2020
10,5,9,2020
11,5,9,2020
12,5,9,2020
13,5,9,2020
14,5,9,2020
15,5,9,2020
16,5,9,2020
17,5,9,2020
18,5,9,2020
19,5,9,2020
20,5,9,2020
21,5,9,2020
22,5,9,2020
23,5,9,2020
24,5,9,2020
25,5,9,2020
26,5,9,2020
27,5,9,2020
28,5,9,2020
29,5,9,2020
30,5,9,2020
31,5,9,2020
32,5,9,2020
33,5,9,2020
34,5,9,2020
35,5,9,2020
36,5,9,2020
37,5,9,2020
38,5,9,2020
39,5,9,2020
40,5,9,2020
41,5,9,2020
42,5,9,2020
43,5,9,2020
44,5,9,2020
45,5,9,2020
46,5,9,2020
47,5,9,2020
48,5,9,2020
49,5,9,2020
50,5,9,2020
51,5,9,2020
52,5,9,2020
53,5,9,2020
54,5,9,2020
55,5,9,2020
56,5,9,2020
57,5,9,2020
58,5,9,2020
59,5,9,2020
60,5,9,2020
61,5,9,2020
62,5,9,2020
63,5,9,2020
64,5,9,2020
65,5,9,2020
66,5,9,2020
67,5,9,2020
68,5,9,2020
69,5,9,2020
70,5,9,2020
71,5,9,2020
72,5,9,2020
73,5,9,2020
74,5,9,2020
75,5,9,2020
76,5,9,2020
77,5,9,2020
78,5,9,2020
79,5,9,2020
80,5,9,2020
81,5,9,2020
82,5,9,2020
83,5,9,2020
84,5,9,2020
85,5,9,2020
86,5,9,2020
87,5,9,2020
88,5,9,2020
89,5,9,2020
90,5,9,2020
91,5,9,2020
92,5,9,2020
93,5,9,2020
94,5,9,2020
95,5,9,2020
96,5,9,2020
97,5,9,2020
98,5,9,2020
99,5,9,2020
100,5,9,2020
101,5,9,2020
102,5,9,2020
103,5,9,2020
104,5,9,2020
105,5,9,2020
106,5,9,2020
107,5,9,2020
108,5,9,2020
109,5,9,2020
110,5,9,2020
111,5,9,2020
112,5,9,2020
113,5,9,2020
114,5,9,2020
115,5,9,2020
116,5,9,2020
117,5,9,2020
118,5,9,2020
119,5,9,2020
120,5,9,2020
121,5,9,2020
122,5,9,2020
123,5,9,2020
124,5,9,2020
125,5,9,2020
126,5,9,2020
127,5,9,2020
128,5,9,2020
129,5,9,2020
130,5,9,2020
131,5,9,2020
132,5,9,2020
133,5,9,2020
134,5,9,2020
135,5,9,2020
136,5,9,2020
137,5,9,2020
138,5,9,2020
139,5,9,2020
140,5,9,2020
141,5,9,2020
142,5,9,2020
143,5,9,2020
144,5,9,2020
145,5,9,2020
146,5,9,2020
147,5,9,2020
148,5,9,2020
149,5,9,2020
150,5,9,2020
151,5,9,2020
152,5,9,2020
153,5,9,2020
154,5,9,2020
155,5,9,2020
156,5,9,2020
157,5,9,2020
158,5,9,2020
159,5,9,2020
160,5,9,2020
161,5,9,2020
162,5,9,2020
163,5,9,2020
164,5,9,2020
165,5,9,2020
166,5,9,2020
167,5,9,2020
168,5,9,2020
169,5,9,2020
170,5,9,2020
171,5,9,2020
172,5,9,2020
173,5,9,2020
174,5,9,2020
175,5,9,2020
176,5,9,2020
177,5,9,2020
178,5,9,2020
179,5,9,2020
180,5,9,2020
181,5,9,2020
182,5,9,2020
183,5,9,2020
184,5,9,2020
185,5,9,2020
186,5,9,2020
187,5,9,2020
188,5,9,2020
189,5,9,2020
190,5,9,2020
191,5,9,2020
192,5,9,2020
193,5,9,2020
194,5,9,2020
195,5,9,2020
196,5,9,2020
197,5,9,2020
198,5,9,2020
199,5,9,2020
200,5,9,2020
201,5,9,2020
202,5,9,2020
203,5,9,2020
204,5,9,2020
205,5,9,2020
206,5,9,2020
207,5,9,2020
208,5,9,2020
209,5,9,2020
210,5,9,2020
211,5,9,2020
212,5,9,2020
213,5,9,2020
214,5,9,2020
215,5,9,2020
216,5,9,2020
217,5,9,2020
218,5,9,2020
219,5,9,2020
220,5,9,2020
221,5,9,2020
222,5,9,2020
223,5,9,2020
224,5,9,2020
225,5,9,2020
226,5,9,2020
227,5,9,2020
228,5,9,2020
229,5,9,2020
230,5,9,2020
231,5,9,2020
232,5,9,2020
233,5,9,2020
234,5,9,2020
235,5,9,2020
236,5,9,2020
237,5,9,2020
238,5,9,2020
239,5,9,2020
240,5,9,2020
241,5,9,2020
242,5,9,2020
243,5,9,2020
244,5,9,2020
245,5,9,2020
246,5,9,2020
247,5,9,2020
248,5,9,2020
249,5,9,2020
250,5,9,2020
251,5,9,2020
252,5,9,2020
253,5,9,2020
254,5,9,2020
255,5,9,2020
256,5,9,2020
257,5,9,2020
258,5,9,2020
259,5,9,2020
260,5,9,2020
261,5,9,2020
262,5,9,2020
263,5,9,2020
264,5,9,2020
265,5,9,2020
266,5,9,2020
267,5,9,2020
268,5,9,2020
269,5,9,2020
270,5,9,2020
271,5,9,2020
272,5,9,2020
273,5,9,2020
274,5,9,2020
275,5,9,2020
276,5,9,2020
277,5,9,2020
278,5,9,2020
279,5,9,2020
280,5,9,2020
281,5,9,2020
282,5,9,2020
283,5,9,2020
284,5,9,2020
285,5,9,2020
286,5,9,2020
287,5,9,2020
288,5,9,2020
289,5,9,2020
290,5,9,2020
291,5,9,2020
292,5,9,2020
293,5,9,2020
294,5,9,2020
295,5,9,2020
296,5,9,2020
297,5,9,2020
298,5,9,2020
299,5,9,2020
300,5,9,2020
301,5,9,2020
302,5,9,2020
303,5,9,2020
304,5,9,2020
305,5,9,2020
306,5,9,2020
307,5,9,2020
308,5,9,2020
309,5,9,2020
310,5,9,2020
311,5,9,2020
312,5,9,2020
313,5,9,2020
314,5,9,2020
315,5,9,2020
316,5,9,2020
317,5,9,2020
318,5,9,2020
319,5,9,2020
320,5,9,2020
321,5,9,2020
322,5,9,2020
323,5,9,2020
324,5,9,2020
325,5,9,2020
326,5,9,2020
327,5,9,2020
328,5,9,2020
329,5,9,2020
330,5,9,2020
331,5,9,2020
332,5,9,2020
333,5,9,2020
334,5,9,2020
335,5,9,2020
336,5,9,2020
337,5,9,2020
338,5,9,2020
339,5,9,2020
340,5,9,2020
341,5,9,2020
342,5,9,2020
343,5,9,2020
344,5,9,2020
345,5,9,2020
346,5,9,2020
347,5,9,2020
348,5,9,2020
349,5,9,2020
350,5,9,2020
351,5,9,2020
352,5,9,2020
353,5,9,2020
354,5,9,2020
355,5,9,2020
356,5,9,2020
357,5,9,2020
358,5,9,2020
359,5,9,2020
360,5,9,2020
361,5,9,2020
362,5,9,2020
363,5,9,2020
364,5,9,2020
365,5,9,2020
366,5,9,2020
367,5,9,2020
368,5,9,2020
369,5,9,2020
370,5,9,2020
371,5,9,2020
372,5,9,2020
373,5,9,2020
374,5,9,2020
375,5,9,2020
376,5,9,2020
377,5,9,2020
378,5,9,2020
379,5,9,2020
380,5,9,2020
381,5,9,2020
382,5,9,2020
383,5,9,2020
384,5,9,2020
385,5,9,2020
386,5,9,2020
387,5,9,2020
388,5,9,2020
389,5,9,2020
390,5,9,2020
391,5,9,2020
392,5,9,2020
393,5,9,2020
394,5,9,2020
395,5,9,2020
396,5,9,2020
397,5,9,2020
398,5,9,2020
399,5,9,2020
400,5,9,2020
401,5,9,2020
402,5,9,2020
403,5,9,2020
404,5,9,2020
405,5,9,2020
406,5,9,2020
407,5,9,2020
408,5,9,2020
409,5,9,2020
410,5,9,2020
411,5,9,2020
412,5,9,2020
413,5,9,2020
414,5,9,2020
415,5,9,2020
416,5,9,2020
417,5,9,2020
418,5,9,2020
419,5,9,2020
420,5,9,2020
421,5,9,2020
422,5,9,2020
423,5,9,2020
424,5,9,2020
425,5,9,2020
426,5,9,2020
427,5,9,2020
428,5,9,2020
429,5,9,2020
430,5,9,2020
431,5,9,2020
432,5,9,2020
433,5,9,2020
434,5,9,2020
435,5,9,2020
436,5,9,2020
437,5,9,2020
438,5,9,2020
439,5,9,2020
440,5,9,2020
441,5,9,2020
442,5,9,2020
443,5,9,2020
444,5,9,2020
445,5,9,2020
446,5,9,2020
447,5,9,2020
448,5,9,2020
449,5,9,2020
450,5,9,2020
451,5,9,2020
452,5,9,2020
453,5,9,2020
454,5,9,2020
455,5,9,2020
456,5,9,2020
457,5,9,2020
458,5,9,2020
459,5,9,2020
460,5,9,2020
461,5,9,2020
462,5,9,2020
463,5,9,2020
464,5,9,2020
465,5,9,2020
466,5,9,2020
467,5,9,2020
468,5,9,2020
469,5,9,2020
470,5,9,2020
471,5,9,2020
472,5,9,2020
473,5,9,2020
474,5,9,2020
475,5,9,2020
476,5,9,2020
477,5,9,2020
478,5,9,2020
479,5,9,2020
480,5,9,2020
481,5,9,2020
482,5,9,2020
483,5,9,2020
484,5,9,2020
485,5,9,2020
486,5,9,2020
487,5,9,2020
488,5,9,2020
489,5,9,2020
490,5,9,2020
491,5,9,2020
492,5,9,2020
493,5,9,2020
494,5,9,2020
495,5,9,2020
496,5,9,2020
497,5,9,2020
498,5,9,2020
499,5,9,2020
500,5,9,2020
501,5,9,2020
502,5,9,2020
503,5,9,2020
504,5,9,2020
505,5,9,2020
506,5,9,2020
507,5,9,2020
508,5,9,2020
509,5,9,2020
510,5,9,2020
511,5,9,2020
512,5,9,2020
513,5,9,2020
514,5,9,2020
515,5,9,2020
516,5,9,2020
517,5,9,2020
518,5,9,2020
519,5,9,2020
520,5,9,2020
521,5,9,2020
522,5,9,2020
523,5,9,2020
524,5,9,2020
525,5,9,2020
526,5,9,2020
527,5,9,2020
528,5,9,2020
529,5,9,2020
530,5,9,2020
531,5,9,2020
532,5,9,2020
533,5,9,2020
534,5,9,2020
535,5,9,2020
536,5,9,2020
537,5,9,2020
538,5,9,2020
539,5,9,2020
540,5,9,2020
541,5,9,2020
542,5,9,2020
543,5,9,2020
544,5,9,2020
545,5,9,2020
546,5,9,2020
547,5,9,2020
548,5,9,2020
549,5,9,2020
550,5,9,2020
551,5,9,2020
552,5,9,2020
553,5,9,2020
554,5,9,2020
555,5,9,2020
556,5,9,2020
557,5,9,2020
558,5,9,2020
559,5,9,2020
560,5,9,2020
561,5,9,2020
562,5,9,2020
563,5,9,2020
564,5,9,2020
565,5,9,2020
566,5,9,2020
567,5,9,2020
568,5,9,2020
569,5,9,2020
570,5,9,2020
571,5,9,2020
572,5,9,2020
573,5,9,2020
574,5,9,2020
575,5,9,2020
576,5,9,2020
577,5,9,2020
578,5,9,2020
579,5,9,2020
580,5,9,2020
581,5,9,2020
582,5,9,2020
583,5,9,2020
584,5,9,2020
585,5,9,2020
586,5,9,2020
587,5,9,2020
588,5,9,2020
589,5,9,2020
590,5,9,2020
591,5,9,2020
592,5,9,2020
593,5,9,2020
594,5,9,2020
595,5,9,2020
596,5,9,2020
597,5,9,2020
598,5,9,2020
599,5,9,2020
600,5,9,2020
601,5,9,2020
602,5,9,2020
603,5,9,2020
604,5,9,2020
605,5,9,2020
606,5,9,2020
607,5,9,2020
608,5,9,2020
609,5,9,2020
610,5,9,2020
611,5,9,2020
612,5,9,2020
613,5,9,2020
614,5,9,2020
615,5,9,2020
616,5,9,2020
617,5,9,2020
618,5,9,2020
619,5,9,2020
620,5,9,2020
621,5,9,2020
622,5,9,2020
623,5,9,2020
624,5,9,2020
625,5,9,2020
626,5,9,2020
627,5,9,2020
628,5,9,2020
629,5,9,2020
630,5,9,2020
631,5,9,2020
632,5,9,2020
633,5,9,2020
634,5,9,2020
635,5,9,2020
636,5,9,2020
637,5,9,2020
638,5,9,2020
639,5,9,2020
640,5,9,2020
641,5,9,2020
642,5,9,2020
643,5,9,2020
644,5,9,2020
645,5,9,2020
646,5,9,2020
647,5,9,2020
648,5,9,2020
649,5,9,2020
650,5,9,2020
651,5,9,2020
652,5,9,2020
653,5,9,2020
654,5,9,2020
655,5,9,2020
656,5,9,2020
657,5,9,2020
658,5,9,2020
659,5,9,2020
660,5,9,2020
661,5,9,2020
662,5,9,2020
663,5,9,2020
664,5,9,2020
665,5,9,2020
666,5,9,2020
667,5,9,2020
668,5,9,2020
669,5,9,2020
670,5,9,2020
671,5,9,2020
672,5,9,2020
673,5,9,2020
674,5,9,2020
675,5,9,2020
676,5,9,2020
677,5,9,2020
678,5,9,2020
679,5,9,2020
680,5,9,2020
681,5,9,2020
682,5,9,2020
683,5,9,2020
684,5,9,2020
685,5,9,2020
686,5,9,2020
687,5,9,2020
688,5,9,2020
689,5,9,2020
690,5,9,2020
691,5,9,2020
692,5,9,2020
693,5,9,2020
694,5,9,2020
695,5,9,2020
696,5,9,2020
697,5,9,2020
698,5,9,2020
699,5,9,2020
700,5,9,2020
701,5,9,2020
702,5,9,2020
703,5,9,2020
704,5,9,2020
705,5,9,2020
706,5,9,2020
707,5,9,2020
708,5,9,2020
709,5,9,2020
710,5,9,2020
711,5,9,2020
712,5,9,2020
713,5,9,2020
714,5,9,2020
715,5,9,2020
716,5,9,2020
717,5,9,2020
718,5,9,2020
719,5,9,2020
720,5,9,2020
721,5,9,2020
722,5,9,2020
723,5,9,2020
724,5,9,2020
725,5,9,2020
726,5,9,2020
727,5,9,2020
728,5,9,2020
729,5,9,2020
730,5,9,2020
731,5,9,2020
732,5,9,2020
733,5,9,2020
734,5,9,2020
735,5,9,2020
736,5,9,2020
737,5,9,2020
738,5,9,2020
739,5,9,2020
740,5,9,2020
741,5,9,2020
742,5,9,2020
743,5,9,2020
744,5,9,2020
745,5,9,2020
746,5,9,2020
747,5,9,2020
748,5,9,2020
749,5,9,2020
750,5,9,2020
751,5,9,2020
752,5,9,2020
753,5,9,2020
754,5,9,2020
755,5,9,2020
756,5,9,2020
757,5,9,2020
758,5,9,2020
759,5,9,2020
760,5,9,2020
761,5,9,2020
762,5,9,2020
763,5,9,2020
764,5,9,2020
765,5,9,2020
766,5,9,2020
767,5,9,2020
768,5,9,2020
769,5,9,2020
770,5,9,2020
771,5,9,2020
772,5,9,2020
773,5,9,2020
774,5,9,2020
775,5,9,2020
776,5,9,2020
777,5,9,2020
778,5,9,2020
779,5,9,2020
780,5,9,2020
781,5,9,2020
782,5,9,2020
783,5,9,2020
784,5,9,2020
785,5,9,2020
786,5,9,2020
787,5,9,2020
788,5,9,2020
789,5,9,2020
790,5,9,2020
791,5,9,2020
792,5,9,2020
793,5,9,2020
794,5,9,2020
795,5,9,2020
796,5,9,2020
797,5,9,2020
798,5,9,2020
799,5,9,2020
800,5,9,2020
801,5,9,2020
802,5,9,2020
803,5,9,2020
804,5,9,2020
805,5,9,2020
806,5,9,2020
807,5,9,2020
808,5,9,2020
809,5,9,2020
810,5,9,2020
811,5,9,2020
812,5,9,2020
813,5,9,2020
814,5,9,2020
815,5,9,2020
816,5,9,2020
817,5,9,2020
818,5,9,2020
819,5,9,2020
820,5,9,2020
821,5,9,2020
822,5,9,2020
823,5,9,2020
824,5,9,2020
825,5,9,2020
826,5,9,2020
827,5,9,2020
828,5,9,2020
829,5,9,2020
830,5,9,2020
831,5,9,2020
832,5,9,2020
833,5,9,2020
834,5,9,2020
835,5,9,2020
836,5,9,2020
837,5,9,2020
838,5,9,2020
839,5,9,2020
840,5,9,2020
841,5,9,2020
842,5,9,2020
843,5,9,2020
844,5,9,2020
845,5,9,2020
846,5,9,2020
847,5,9,2020
848,5,9,2020
849,5,9,2020
850,5,9,2020
851,5,9,2020
852,5,9,2020
853,5,9,2020
854,5,9,2020
855,5,9,2020
856,5,9,2020
857,5,9,2020
858,5,9,2020
859,5,9,2020
860,5,9,2020
861,5,9,2020
862,5,9,2020
863,5,9,2020
864,5,9,2020
865,5,9,2020
866,5,9,2020
867,5,9,2020
868,5,9,2020
869,5,9,2020
870,5,9,2020
871,5,9,2020
872,5,9,2020
873,5,9,2020
874,5,9,2020
875,5,9,2020
876,5,9,2020
877,5,9,2020
878,5,9,2020
879,5,9,2020
880,5,9,2020
881,5,9,2020
882,5,9,2020
883,5,9,2020
884,5,9,2020
885,5,9,2020
886,5,9,2020
887,5,9,2020
888,5,9,2020
889,5,9,2020
890,5,9,2020
891,5,9,2020
892,5,9,2020
893,5,9,2020
894,5,9,2020
895,5,9,2020
896,5,9,2020
897,5,9,2020
898,5,9,2020
899,5,9,2020
900,5,9,2020
901,5,9,2020
902,5,9,2020
903,5,9,2020
904,5,9,2020
905,5,9,2020
906,5,9,2020
907,5,9,2020
908,5,9,2020
909,5,9,2020
910,5,9,2020
911,5,9,2020
912,5,9,2020
913,5,9,2020
914,5,9,2020
915,5,9,2020
916,5,9,2020
917,5,9,2020
918,5,9,2020
919,5,9,2020
920,5,9,2020
921,5,9,2020
922,5,9,2020
923,5,9,2020
924,5,9,2020
925,5,9,2020
926,5,9,2020
927,5,9,2020
928,5,9,2020
929,5,9,2020
930,5,9,2020
931,5,9,2020
932,5,9,2020
933,5,9,2020
934,5,9,2020
935,5,9,2020
936,5,9,2020
937,5,9,2020
938,5,9,2020
939,5,9,2020
940,5,9,2020
941,5,9,2020
942,5,9,2020
943,5,9,2020
944,5,9,2020
945,5,9,2020
946,5,9,2020
947,5,9,2020
948,5,9,2020
949,5,9,2020
950,5,9,2020
951,5,9,2020
952,5,9,2020
953,5,9,2020
954,5,9,2020
955,5,9,2020
956,5,9,2020
957,5,9,2020
958,5,9,2020
959,5,9,2020
960,5,9,2020
961,5,9,2020
962,5,9,2020
963,5,9,2020
964,5,9,2020
965,5,9,2020
966,5,9,2020
967,5,9,2020
968,5,9,2020
969,5,9,2020
970,5,9,2020
971,5,9,2020
972,5,9,2020
973,5,9,2020
974,5,9,2020
975,5,9,2020
976,5,9,2020
977,5,9,2020
978,5,9,2020
979,5,9,2020
980,5,9,2020
981,5,9,2020
982,5,9,2020
983,5,9,2020
984,5,9,2020
985,5,9,2020
986,5,9,2020
987,5,9,2020
988,5,9,2020
989,5,9,2020
990,5,9,2020
991,5,9,2020
992,5,9,2020
993,5,9,2020
994,5,9,2020
995,5,9,2020
996,5,9,2020
997,5,9,2020
998,5,9,2020
999,5,9,2020
1000,5,9,2020
1001,5,9,2020
1002,5,9,2020
1003,5,9,2020
1004,5,9,2020
1005,5,9,2020
1006,5,9,2020
1007,5,9,2020
1008,5,9,2020
1009,5,9,2020
1010,5,9,2020
1011,5,9,2020
1012,5,9,2020
1013,5,9,2020
1014,5,9,2020
1015,5,9,2020
1016,5,9,2020
1017,5,9,2020
1018,5,9,2020
1019,5,9,2020
1020,5,9,2020
1021,5,9,2020
1022,5,9,2020
1023,5,9,2020
1024,5,9,2020
1025,5,9,2020
1026,5,9,2020
1027,5,9,2020
1028,5,9,2020
1029,5,9,2020
1030,5,9,2020
1031,5,9,2020
1032,5,9,2020
1033,5,9,2020
1034,5,9,2020
1035,5,9,2020
1036,5,9,2020
1037,5,9,2020
1038,5,9,2020
1039,5,9,2020
1040,5,9,2020
1041,5,9,2020
1042,5,9,2020
1043,5,9,2020
1044,5,9,2020
1045,5,9,2020
1046,5,9,2020
1047,5,9,2020
1048,5,9,2020
1049,5,9,2020
1050,5,9,2020
1051,5,9,2020
1052,5,9,2020
1053,5,9,2020
1054,5,9,2020
1055,5,9,2020
1056,5,9,2020
1057,5,9,2020
1058,5,9,2020
1059,5,9,2020
1060,5,9,2020
1061,5,9,2020
1062,5,9,2020
1063,5,9,2020
1064,5,9,2020
1065,5,9,2020
1066,5,9,2020
1067,5,9,2020
1068,5,9,2020
1069,5,9,2020
1070,5,9,2020
1071,5,9,2020
1072,5,9,2020
1073,5,9,2020
1074,5,9,2020
1075,5,9,2020
1076,5,9,2020
1077,5,9,2020
1078,5,9,2020
1079,5,9,2020
1080,5,9,2020
1081,5,9,2020
1082,5,9,2020
1083,5,9,2020
1084,5,9,2020
1085,5,9,2020
1086,5,9,2020
1087,5,9,2020
1088,5,9,2020
1089,5,9,2020
1090,5,9,2020
1091,5,9,2020
1092,5,9,2020
1093,5,9,2020
1094,5,9,2020
1095,5,9,2020
1096,5,9,2020
1097,5,9,2020
1098,5,9,2020
1099,5,9,2020
1100,5,9,2020
1101,5,9,2020
1102,5,9,2020
1103,5,9,2020
1104,5,9,2020
1105,5,9,2020
1106,5,9,2020
1107,5,9,2020
1108,5,9,2020
1109,5,9,2020
1110,5,9,2020
1111,5,9,2020
1112,5,9,2020
1113,5,9,2020
1114,5,9,2020
1115,5,9,2020
1116,5,9,2020
1117,5,9,2020
1118,5,9,2020
1119,5,9,2020
1120,5,9,2020
1121,5,9,2020
1122,5,9,2020
1123,5,9,2020
1124,5,9,2020
1125,5,9,2020
1126,5,9,2020
1127,5,9,2020
1128,5,9,2020
1129,5,9,2020
1130,5,9,2020
1131,5,9,2020
1132,5,9,2020
1133,5,9,2020
1134,5,9,2020
1135,5,9,2020
1136,5,9,2020
1137,5,9,2020
1138,5,9,2020
1139,5,9,2020
1140,5,9,2020
1141,5,9,2020
1142,5,9,2020
1143,5,9,2020
1144,5,9,2020
1145,5,9,2020
1146,5,9,2020
1147,5,9,2020
1148,5,9,2020
1149,5,9,2020
1150,5,9,2020
1151,5,9,2020
1152,5,9,2020
1153,5,9,2020
1154,5,9,2020
1155,5,9,2020
1156,5,9,2020
1157,5,9,2020
1158,5,9,2020
1159,5,9,2020
1160,5,9,2020
1161,5,9,2020
1162,5,9,2020
1163,5,9,2020
1164,5,9,2020
1165,5,9,2020
1166,5,9,2020
1167,5,9,2020
1168,5,9,2020
1169,5,9,2020
1170,5,9,2020
1171,5,9,2020
1172,5,9,2020
1173,5,9,2020
1174,5,9,2020
1175,5,9,2020
1176,5,9,2020
1177,5,9,2020
1178,5,9,2020
1179,5,9,2020
1180,5,9,2020
1181,5,9,2020
1182,5,9,2020
1183,5,9,2020
1184,5,9,2020
1185,5,9,2020
1186,5,9,2020
1187,5,9,2020
1188,5,9,2020
1189,5,9,2020
1190,5,9,2020
1191,5,9,2020
1192,5,9,2020
1193,5,9,2020
1194,5,9,2020
1195,5,9,2020
1196,5,9,2020
1197,5,9,2020
1198,5,9,2020
1199,5,9,2020
1200,5,9,2020
1201,5,9,2020
1202,5,9,2020
1203,5,9,2020
1204,5,9,2020
1205,5,9,2020
1206,5,9,2020
1207,5,9,2020
1208,5,9,2020
1209,5,9,2020
1210,5,9,2020
1211,5,9,2020
1212,5,9,2020
1213,5,9,2020
1214,5,9,2020
1215,5,9,2020
1216,5,9,2020
1217,5,9,2020
1218,5,9,2020
1219,5,9,2020
1220,5,9,2020
1221,5,9,2020
1222,5,9,2020
1223,5,9,2020
1224,5,9,2020
1225,5,9,2020
1226,5,9,2020
1227,5,9,2020
1228,5,9,2020
1229,5,9,2020
1230,5,9,2020
1231,5,9,2020
1232,5,9,2020
1233,5,9,2020
1234,5,9,2020
1235,5,9,2020
1236,5,9,2020
1237,5,9,2020
1238,5,9,2020
1239,5,9,2020
1240,5,9,2020
1241,5,9,2020
1242,5,9,2020
1243,5,9,2020
1244,5,9,2020
1245,5,9,2020
1246,5,9,2020
1247,5,9,2020
1248,5,9,2020
1249,5,9,2020
1250,5,9,2020
1251,5,9,2020
1252,5,9,2020
1253,5,9,2020
1254,5,9,2020
1255,5,9,2020
1256,5,9,2020
1257,5,9,2020
1258,5,9,2020
1259,5,9,2020
1260,5,9,2020
1261,5,9,2020
1262,5,9,2020
1263,5,9,2020
1264,5,9,2020
1265,5,9,2020
1266,5,9,2020
1267,5,9,2020
1268,5,9,2020
1269,5,9,2020
1270,5,9,2020
1271,5,9,2020
1272,5,9,2020
1273,5,9,2020
1274,5,9,2020
1275,5,9,2020
1276,5,9,2020
1277,5,9,2020
1278,5,9,2020
1279,5,9,2020
1280,5,9,2020
1281,5,9,2020
1282,5,9,2020
1283,5,9,2020
1284,5,9,2020
1285,5,9,2020
1286,5,9,2020
1287,5,9,2020
1288,5,9,2020
1289,5,9,2020
1290,5,9,2020
1291,5,9,2020
1292,5,9,2020
1293,5,9,2020
1294,5,9,2020
1295,5,9,2020
1296,5,9,2020
1297,5,9,2020
1298,5,9,2020
1299,5,9,2020
1300,5,9,2020
1301,5,9,2020
1302,14,12,2023
1303,14,12,2023
1304,14,12,2023
1305,14,12,2023
1306,14,12,2023
1307,14,12,2023
1308,14,12,2023
1309,14,12,2023
1310,14,12,2023
1311,14,12,2023
1312,14,12,2023
1313,14,12,2023
1314,14,12,2023
1315,14,12,2023
1316,14,12,2023
1317,14,12,2023
1318,14,12,2023
1319,14,12,2023
1320,14,12,2023
1321,14,12,2023
1322,14,12,2023
1323,14,12,2023
1324,14,12,2023
1325,14,12,2023
1326,14,12,2023
1327,14,12,2023
1328,14,12,2023
1329,14,12,2023
1330,14,12,2023
1331,14,12,2023
1332,14,12,2023
1333,14,12,2023
1334,14,12,2023
1335,14,12,2023
1336,14,12,2023
1337,14,12,2023
1338,14,12,2023
1339,14,12,2023
1340,14,12,2023
1341,14,12,2023
1342,14,12,2023
1343,14,12,2023
1344,14,12,2023
1345,14,12,2023
1346,14,12,2023
1347,14,12,2023
1348,14,12,2023
1349,14,12,2023
1350,14,12,2023
1351,14,12,2023
1352,14,12,2023
1353,14,12,2023
1354,14,12,2023
1355,14,12,2023
1356,14,12,2023
1357,14,12,2023
1358,14,12,2023
1359,14,12,2023
1360,14,12,2023
1361,14,12,2023
1362,14,12,2023
1363,14,12,2023
1364,14,12,2023
1365,14,12,2023
1366,14,12,2023
1367,14,12,2023
1368,14,12,2023
1369,14,12,2023
1370,14,12,2023
1371,14,12,2023
1372,14,12,2023
1373,14,12,2023
1374,14,12,2023
1375,14,12,2023
1376,14,12,2023
1377,14,12,2023
1378,14,12,2023
1379,14,12,2023
1380,14,12,2023
1381,14,12,2023
1382,14,12,2023
1383,14,12,2023
1384,14,12,2023
1385,14,12,2023
1386,14,12,2023
1387,14,12,2023
1388,14,12,2023
1389,14,12,2023
1390,14,12,2023
1391,14,12,2023
1392,14,12,2023
1393,14,12,2023
1394,14,12,2023
1395,14,12,2023
1396,14,12,2023
1397,14,12,2023
1398,14,12,2023
1399,14,12,2023
1400,14,12,2023
1401,14,12,2023
1402,14,12,2023
1403,14,12,2023
1404,14,12,2023
1405,14,12,2023
1406,14,12,2023
1407,14,12,2023
1408,14,12,2023
1409,14,12,2023
1410,14,12,2023
1411,14,12,2023
1412,14,12,2023
1413,14,12,2023
1414,14,12,2023
1415,14,12,2023
1416,14,12,2023
1417,14,12,2023
1418,14,12,2023
1419,14,12,2023
1420,14,12,2023
1421,14,12,2023
1422,14,12,2023
1423,14,12,2023
1424,14,12,2023
1425,14,12,2023
1426,14,12,2023
1427,14,12,2023
1428,14,12,2023
1429,14,12,2023
1430,14,12,2023
1431,14,12,2023
1432,14,12,2023
1433,14,12,2023
1434,14,12,2023
1435,14,12,2023
1436,14,12,2023
1437,14,12,2023
1438,14,12,2023
1439,14,12,2023
1440,14,12,2023
1441,14,12,2023
1442,14,12,2023
1443,14,12,2023
1444,14,12,2023
1445,14,12,2023
1446,14,12,2023
1447,14,12,2023
1448,14,12,2023
1449,14,12,2023
1450,14,12,2023
1451,14,12,2023
1452,14,12,2023
1453,14,12,2023
1454,14,12,2023
1455,14,12,2023
1456,14,12,2023
1457,14,12,2023
1458,14,12,2023
1459,14,12,2023
1460,14,12,2023
1461,14,12,2023
1462,14,12,2023
1463,14,12,2023
1464,14,12,2023
1465,14,12,2023
1466,14,12,2023
1467,14,12,2023
1468,14,12,2023
1469,14,12,2023
1470,14,12,2023
1471,14,12,2023
1472,14,12,2023
1473,14,12,2023
1474,14,12,2023
1475,14,12,2023
1476,14,12,2023
1477,14,12,2023
1478,14,12,2023
1479,14,12,2023
1480,14,12,2023
1481,14,12,2023
1482,14,12,2023
1483,14,12,2023
1484,14,12,2023
1485,14,12,2023
1486,14,12,2023
1487,14,12,2023
1488,14,12,2023
1489,14,12,2023
1490,14,12,2023
1491,14,12,2023
1492,14,12,2023
1493,14,12,2023
1494,14,12,2023
1495,14,12,2023
1496,14,12,2023
1497,14,12,2023
1498,14,12,2023
1499,14,12,2023
1500,14,12,2023
1501,14,12,2023
1502,14,12,2023
1503,14,12,2023
1504,14,12,2023
1505,14,12,2023
1506,14,12,2023
1507,14,12,2023
1508,14,12,2023
1509,14,12,2023
1510,14,12,2023
1511,14,12,2023
1512,14,12,2023
1513,14,12,2023
1514,14,12,2023
1515,14,12,2023
1516,14,12,2023
1517,14,12,2023
1518,14,12,2023
1519,14,12,2023
1520,14,12,2023
1521,14,12,2023
1522,14,12,2023
1523,14,12,2023
1524,14,12,2023
1525,14,12,2023
1526,14,12,2023
1527,14,12,2023
1528,14,12,2023
1529,14,12,2023
1530,14,12,2023
1531,14,12,2023
1532,14,12,2023
1533,14,12,2023
1534,14,12,2023
1535,14,12,2023
1536,14,12,2023
1537,14,12,2023
1538,14,12,2023
1539,14,12,2023
1540,14,12,2023
1541,14,12,2023
1542,14,12,2023
1543,14,12,2023
1544,14,12,2023
1545,14,12,2023
1546,14,12,2023
1547,14,12,2023
1548,14,12,2023
1549,14,12,2023
1550,14,12,2023
1551,14,12,2023
1552,14,12,2023
1553,14,12,2023
1554,14,12,2023
1555,14,12,2023
1556,14,12,2023
1557,14,12,2023
1558,14,12,2023
1559,14,12,2023
1560,14,12,2023
1561,14,12,2023
1562,14,12,2023
1563,14,12,2023
1564,14,12,2023
1565,14,12,2023
1566,14,12,2023
1567,14,12,2023
1568,14,12,2023
1569,14,12,2023
1570,14,12,2023
1571,14,12,2023
1572,14,12,2023
1573,14,12,2023
1574,14,12,2023
1575,14,12,2023
1576,14,12,2023
1577,14,12,2023
1578,14,12,2023
1579,14,12,2023
1580,14,12,2023
1581,14,12,2023
1582,14,12,2023
1583,14,12,2023
1584,14,12,2023
1585,14,12,2023
1586,14,12,2023
1587,14,12,2023
1588,14,12,2023
1589,14,12,2023
1590,14,12,2023
1591,14,12,2023
1592,14,12,2023
1593,14,12,2023
1594,14,12,2023
1595,14,12,2023
1596,14,12,2023
1597,14,12,2023
1598,14,12,2023
1599,14,12,2023
1600,14,12,2023
1601,14,12,2023
1602,14,12,2023
1603,14,12,2023
1604,14,12,2023
1605,14,12,2023
1606,14,12,2023
1607,14,12,2023
1608,14,12,2023
1609,14,12,2023
1610,14,12,2023
1611,14,12,2023
1612,14,12,2023
1613,14,12,2023
1614,14,12,2023
1615,14,12,2023
1616,14,12,2023
1617,14,12,2023
1618,14,12,2023
1619,14,12,2023
1620,14,12,2023
1621,14,12,2023
1622,14,12,2023
1623,14,12,2023
1624,14,12,2023
1625,14,12,2023
1626,14,12,2023
1627,14,12,2023
1628,14,12,2023
1629,14,12,2023
1630,14,12,2023
1631,14,12,2023
1632,14,12,2023
1633,14,12,2023
1634,14,12,2023
1635,14,12,2023
1636,14,12,2023
1637,14,12,2023
1638,14,12,2023
1639,14,12,2023
1640,14,12,2023
1641,14,12,2023
1642,14,12,2023
1643,14,12,2023
1644,14,12,2023
1645,14,12,2023
1646,14,12,2023
1647,14,12,2023
1648,14,12,2023
1649,14,12,2023
1650,14,12,2023
1651,14,12,2023
1652,14,12,2023
1653,14,12,2023
1654,14,12,2023
1655,14,12,2023
1656,14,12,2023
1657,14,12,2023
1658,14,12,2023
1659,14,12,2023
1660,14,12,2023
1661,14,12,2023
1662,14,12,2023
1663,14,12,2023
1664,14,12,2023
1665,14,12,2023
1666,14,12,2023
1667,14,12,2023
1668,14,12,2023
1669,14,12,2023
1670,14,12,2023
1671,14,12,2023
1672,14,12,2023
1673,14,12,2023
1674,14,12,2023
1675,14,12,2023
1676,14,12,2023
1677,14,12,2023
1678,14,12,2023
1679,14,12,2023
1680,14,12,2023
1681,14,12,2023
1682,14,12,2023
1683,14,12,2023
1684,14,12,2023
1685,14,12,2023
1686,14,12,2023
1687,14,12,2023
1688,14,12,2023
1689,14,12,2023
1690,14,12,2023
1691,14,12,2023
1692,14,12,2023
1693,14,12,2023
1694,14,12,2023
1695,14,12,2023
1696,14,12,2023
1697,14,12,2023
1698,14,12,2023
1699,14,12,2023
1700,14,12,2023
1701,14,12,2023
1702,14,12,2023
1703,14,12,2023
1704,14,12,2023
1705,14,12,2023
1706,14,12,2023
1707,14,12,2023
1708,14,12,2023
1709,14,12,2023
1710,14,12,2023
1711,14,12,2023
1712,14,12,2023
1713,14,12,2023
1714,14,12,2023
1715,14,12,2023
1716,14,12,2023
1717,14,12,2023
1718,14,12,2023
1719,14,12,2023
1720,14,12,2023
1721,14,12,2023
1722,14,12,2023
1723,14,12,2023
1724,14,12,2023
1725,14,12,2023
1726,14,12,2023
1727,14,12,2023
1728,14,12,2023
1729,14,12,2023
1730,14,12,2023
1731,14,12,2023
1732,14,12,2023
1733,14,12,2023
1734,14,12,2023
1735,14,12,2023
1736,14,12,2023
1737,14,12,2023
1738,14,12,2023
1739,14,12,2023
1740,14,12,2023
1741,14,12,2023
1742,14,12,2023
1743,14,12,2023
1744,14,12,2023
1745,14,12,2023
1746,14,12,2023
1747,14,12,2023
1748,14,12,2023
1749,14,12,2023
1750,14,12,2023
1751,14,12,2023
1752,14,12,2023
1753,14,12,2023
1754,14,12,2023
1755,14,12,2023
1756,14,12,2023
1757,14,12,2023
1758,14,12,2023
1759,14,12,2023
1760,14,12,2023
1761,14,12,2023
1762,14,12,2023
1763,14,12,2023
1764,14,12,2023
1765,14,12,2023
1766,14,12,2023
1767,14,12,2023
1768,14,12,2023
1769,14,12,2023
1770,14,12,2023
1771,14,12,2023
1772,14,12,2023
1773,14,12,2023
1774,14,12,2023
1775,14,12,2023
1776,14,12,2023
1777,14,12,2023
1778,14,12,2023
1779,14,12,2023
1780,14,12,2023
1781,14,12,2023
1782,14,12,2023
1783,14,12,2023
1784,14,12,2023
1785,14,12,2023
1786,14,12,2023
1787,14,12,2023
1788,14,12,2023
1789,14,12,2023
1790,14,12,2023
1791,14,12,2023
1792,14,12,2023
1793,14,12,2023
1794,14,12,2023
1795,14,12,2023
1796,14,12,2023
1797,14,12,2023
1798,14,12,2023
1799,14,12,2023
1800,14,12,2023
1801,14,12,2023
1802,14,12,2023
1803,14,12,2023
1804,14,12,2023
1805,14,12,2023
1806,14,12,2023
1807,14,12,2023
1808,14,12,2023
1809,14,12,2023
1810,14,12,2023
1811,14,12,2023
1812,14,12,2023
1813,14,12,2023
1814,14,12,2023
1815,14,12,2023
1816,14,12,2023
1817,14,12,2023
1818,14,12,2023
1819,14,12,2023
1820,14,12,2023
1821,14,12,2023
1822,14,12,2023
1823,14,12,2023
1824,14,12,2023
1825,14,12,2023
1826,14,12,2023
1827,14,12,2023
1828,14,12,2023
1829,14,12,2023
1830,14,12,2023
1831,14,12,2023
1832,14,12,2023
1833,14,12,2023
1834,14,12,2023
1835,14,12,2023
1836,14,12,2023
1837,14,12,2023
1838,14,12,2023
1839,14,12,2023
1840,14,12,2023
1841,14,12,2023
1842,14,12,2023
1843,14,12,2023
1844,14,12,2023
1845,14,12,2023
1846,14,12,2023
1847,14,12,2023
1848,14,12,2023
1849,14,12,2023
1850,14,12,2023
1851,14,12,2023
1852,14,12,2023
1853,14,12,2023
1854,14,12,2023
1855,14,12,2023
1856,14,12,2023
1857,14,12,2023
1858,14,12,2023
1859,14,12,2023
1860,14,12,2023
1861,14,12,2023
1862,14,12,2023
1863,14,12,2023
1864,14,12,2023
1865,14,12,2023
1866,14,12,2023
1867,14,12,2023
1868,14,12,2023
1869,14,12,2023
1870,14,12,2023
1871,14,12,2023
1872,14,12,2023
1873,14,12,2023
1874,14,12,2023
1875,14,12,2023
1876,14,12,2023
1877,14,12,2023
1878,14,12,2023
1879,14,12,2023
1880,14,12,2023
1881,14,12,2023
1882,14,12,2023
1883,14,12,2023
1884,14,12,2023
1885,14,12,2023
1886,14,12,2023
1887,14,12,2023
1888,14,12,2023
1889,14,12,2023
1890,14,12,2023
1891,14,12,2023
1892,14,12,2023
1893,14,12,2023
1894,14,12,2023
1895,14,12,2023
1896,14,12,2023
1897,14,12,2023
1898,14,12,2023
1899,14,12,2023
1900,14,12,2023
1901,14,12,2023
1902,14,12,2023
1903,14,12,2023
1904,14,12,2023
1905,14,12,2023
1906,14,12,2023
1907,14,12,2023
1908,14,12,2023
1909,14,12,2023
1910,14,12,2023
1911,14,12,2023
1912,14,12,2023
1913,14,12,2023
1914,14,12,2023
1915,14,12,2023
1916,14,12,2023
1917,14,12,2023
1918,14,12,2023
1919,14,12,2023
1920,14,12,2023
1921,14,12,2023
1922,14,12,2023
1923,14,12,2023
1924,14,12,2023
1925,14,12,2023
1926,14,12,2023
1927,14,12,2023
1928,14,12,2023
1929,14,12,2023
1930,14,12,2023
1931,14,12,2023
1932,14,12,2023
1933,14,12,2023
1934,14,12,2023
1935,14,12,2023
1936,14,12,2023
1937,14,12,2023
1938,14,12,2023
1939,14,12,2023
1940,14,12,2023
1941,14,12,2023
1942,14,12,2023
1943,14,12,2023
1944,14,12,2023
1945,14,12,2023
1946,14,12,2023
1947,14,12,2023
1948,14,12,2023
1949,14,12,2023
1950,14,12,2023
1951,14,12,2023
1952,14,12,2023
1953,14,12,2023
1954,14,12,2023
1955,14,12,2023
1956,14,12,2023
1957,14,12,2023
1958,14,12,2023
1959,14,12,2023
1960,14,12,2023
1961,14,12,2023
1962,14,12,2023
1963,14,12,2023
1964,14,12,2023
1965,14,12,2023
1966,14,12,2023
1967,14,12,2023
1968,14,12,2023
1969,14,12,2023
1970,14,12,2023
1971,14,12,2023
1972,14,12,2023
1973,14,12,2023
1974,14,12,2023
1975,14,12,2023
1976,14,12,2023
1977,14,12,2023
1978,14,12,2023
1979,14,12,2023
1980,14,12,2023
1981,14,12,2023
1982,14,12,2023
1983,14,12,2023
1984,14,12,2023
1985,14,12,2023
1986,14,12,2023
1987,14,12,2023
1988,14,12,2023
1989,14,12,2023
1990,14,12,2023
1991,14,12,2023
1992,14,12,2023
1993,14,12,2023
1994,14,12,2023
1995,14,12,2023
1996,14,12,2023
1997,14,12,2023
1998,14,12,2023
1999,14,12,2023
2000,14,12,2023
2001,14,12,2023
2002,14,12,2023
2003,14,12,2023
2004,14,12,2023
2005,14,12,2023
2006,14,12,2023
2007,14,12,2023
2008,14,12,2023
2009,14,12,2023
2010,14,12,2023
2011,14,12,2023
2012,14,12,2023
2013,14,12,2023
2014,14,12,2023
2015,14,12,2023
2016,14,12,2023
2017,14,12,2023
2018,14,12,2023
2019,14,12,2023
2020,14,12,2023
2021,14,12,2023
2022,14,12,2023
2023,14,12,2023
2024,14,12,2023
2025,14,12,2023
2026,14,12,2023
2027,14,12,2023
2028,14,12,2023
2029,14,12,2023
2030,14,12,2023
2031,14,12,2023
2032,14,12,2023
2033,14,12,2023
2034,14,12,2023
2035,14,12,2023
2036,14,12,2023
2037,14,12,2023
2038,14,12,2023
2039,14,12,2023
2040,14,12,2023
2041,14,12,2023
2042,14,12,2023
2043,14,12,2023
2044,14,12,2023
2045,14,12,2023
2046,14,12,2023
2047,14,12,2023
2048,14,12,2023
2049,14,12,2023
2050,14,12,2023
2051,14,12,2023
2052,14,12,2023
2053,14,12,2023
2054,14,12,2023
2055,14,12,2023
2056,14,12,2023
2057,14,12,2023
2058,14,12,2023
2059,14,12,2023
2060,14,12,2023
2061,14,12,2023
2062,14,12,2023
2063,14,12,2023
2064,14,12,2023
2065,14,12,2023
2066,14,12,2023
2067,14,12,2023
2068,14,12,2023
2069,14,12,2023
2070,14,12,2023
2071,14,12,2023
2072,14,12,2023
2073,14,12,2023
2074,14,12,2023
2075,14,12,2023
2076,14,12,2023
2077,14,12,2023
2078,14,12,2023
2079,14,12,2023
2080,14,12,2023
2081,14,12,2023
2082,14,12,2023
2083,14,12,2023
2084,14,12,2023
2085,14,12,2023
2086,14,12,2023
2087,14,12,2023
2088,14,12,2023
2089,14,12,2023
2090,14,12,2023
2091,14,12,2023
2092,14,12,2023
2093,14,12,2023
2094,14,12,2023
2095,14,12,2023
2096,14,12,2023
2097,14,12,2023
2098,14,12,2023
2099,14,12,2023
2100,14,12,2023
2101,14,12,2023
2102,14,12,2023
2103,14,12,2023
2104,14,12,2023
2105,14,12,2023
2106,14,12,2023
2107,14,12,2023
2108,14,12,2023
2109,14,12,2023
2110,14,12,2023
2111,14,12,2023
2112,14,12,2023
2113,14,12,2023
2114,14,12,2023
2115,14,12,2023
2116,14,12,2023
2117,14,12,2023
2118,14,12,2023
2119,14,12,2023
2120,14,12,2023
2121,14,12,2023
2122,14,12,2023
2123,14,12,2023
2124,14,12,2023
2125,14,12,2023
2126,14,12,2023
2127,14,12,2023
2128,14,12,2023
2129,14,12,2023
2130,14,12,2023
2131,14,12,2023
2132,14,12,2023
2133,14,12,2023
2134,14,12,2023
2135,14,12,2023
2136,14,12,2023
2137,14,12,2023
2138,14,12,2023
2139,14,12,2023
2140,14,12,2023
2141,14,12,2023
2142,14,12,2023
2143,14,12,2023
2144,14,12,2023
2145,14,12,2023
2146,14,12,2023
2147,14,12,2023
2148,14,12,2023
2149,14,12,2023
2150,14,12,2023
2151,14,12,2023
2152,14,12,2023
2153,14,12,2023
2154,14,12,2023
2155,14,12,2023
2156,14,12,2023
2157,14,12,2023
2158,14,12,2023
2159,14,12,2023
2160,14,12,2023
2161,14,12,2023
2162,14,12,2023
2163,14,12,2023
2164,14,12,2023
2165,14,12,2023
2166,14,12,2023
2167,14,12,2023
2168,14,12,2023
2169,14,12,2023
2170,14,12,2023
2171,14,12,2023
2172,14,12,2023
2173,14,12,2023
2174,14,12,2023
2175,14,12,2023
2176,14,12,2023
2177,14,12,2023
2178,14,12,2023
2179,14,12,2023
2180,14,12,2023
2181,14,12,2023
2182,14,12,2023
2183,14,12,2023
2184,14,12,2023
2185,14,12,2023
2186,14,12,2023
2187,14,12,2023
2188,14,12,2023
2189,14,12,2023
2190,14,12,2023
2191,14,12,2023
2192,14,12,2023
2193,14,12,2023
2194,14,12,2023
2195,14,12,2023
2196,14,12,2023
2197,14,12,2023
2198,14,12,2023
2199,14,12,2023
2200,14,12,2023
2201,14,12,2023
2202,14,12,2023
2203,14,12,2023
2204,14,12,2023
2205,14,12,2023
2206,14,12,2023
2207,14,12,2023
2208,14,12,2023
2209,14,12,2023
2210,14,12,2023
2211,14,12,2023
2212,14,12,2023
2213,14,12,2023
2214,14,12,2023
2215,14,12,2023
2216,14,12,2023
2217,14,12,2023
2218,14,12,2023
2219,14,12,2023
2220,14,12,2023
2221,14,12,2023
2222,14,12,2023
2223,14,12,2023
2224,14,12,2023
2225,14,12,2023
2226,14,12,2023
2227,14,12,2023
2228,14,12,2023
2229,14,12,2023
2230,14,12,2023
2231,14,12,2023
2232,14,12,2023
2233,14,12,2023
2234,14,12,2023
2235,14,12,2023
2236,14,12,2023
2237,14,12,2023
2238,14,12,2023
2239,14,12,2023
2240,14,12,2023
2241,14,12,2023
2242,14,12,2023
2243,14,12,2023
2244,14,12,2023
2245,14,12,2023
2246,14,12,2023
2247,14,12,2023
2248,14,12,2023
2249,14,12,2023
2250,14,12,2023
2251,14,12,2023
2252,14,12,2023
2253,14,12,2023
2254,14,12,2023
2255,14,12,2023
2256,14,12,2023
2257,14,12,2023
2258,14,12,2023
2259,14,12,2023
2260,14,12,2023
2261,14,12,2023
2262,14,12,2023
2263,14,12,2023
2264,14,12,2023
2265,14,12,2023
2266,14,12,2023
2267,14,12,2023
2268,14,12,2023
2269,14,12,2023
2270,14,12,2023
2271,14,12,2023
2272,14,12,2023
2273,14,12,2023
2274,14,12,2023
2275,14,12,2023
2276,14,12,2023
2277,14,12,2023
2278,14,12,2023
2279,14,12,2023
2280,14,12,2023
2281,14,12,2023
2282,14,12,2023
2283,14,12,2023
2284,14,12,2023
2285,14,12,2023
2286,14,12,2023
2287,14,12,2023
2288,14,12,2023
2289,14,12,2023
2290,14,12,2023
2291,14,12,2023
2292,14,12,2023
2293,14,12,2023
2294,14,12,2023
2295,14,12,2023
2296,14,12,2023
2297,14,12,2023
2298,14,12,2023
2299,14,12,2023
2300,14,12,2023
2301,14,12,2023
2302,14,12,2023
2303,14,12,2023
2304,14,12,2023
2305,14,12,2023
2306,14,12,2023
2307,14,12,2023
2308,14,12,2023
2309,14,12,2023
2310,14,12,2023
2311,14,12,2023
2312,14,12,2023
2313,14,12,2023
2314,14,12,2023
2315,14,12,2023
2316,14,12,2023
2317,14,12,2023
2318,14,12,2023
2319,14,12,2023
2320,14,12,2023
2321,14,12,2023
2322,14,12,2023
2323,14,12,2023
2324,14,12,2023
2325,14,12,2023
2326,14,12,2023
2327,14,12,2023
2328,14,12,2023
2329,14,12,2023
2330,14,12,2023
2331,14,12,2023
2332,14,12,2023
2333,14,12,2023
2334,14,12,2023
2335,14,12,2023
2336,14,12,2023
2337,14,12,2023
2338,14,12,2023
2339,14,12,2023
2340,14,12,2023
2341,14,12,2023
2342,14,12,2023
2343,14,12,2023
2344,14,12,2023
2345,14,12,2023
2346,14,12,2023
2347,14,12,2023
2348,14,12,2023
2349,14,12,2023
2350,14,12,2023
2351,14,12,2023
2352,14,12,2023
2353,14,12,2023
2354,14,12,2023
2355,14,12,2023
2356,14,12,2023
2357,14,12,2023
2358,14,12,2023
2359,14,12,2023
2360,14,12,2023
2361,14,12,2023
2362,14,12,2023
2363,14,12,2023
2364,14,12,2023
2365,14,12,2023
2366,14,12,2023
2367,14,12,2023
2368,14,12,2023
2369,14,12,2023
2370,14,12,2023
2371,14,12,2023
2372,14,12,2023
2373,14,12,2023
2374,14,12,2023
2375,14,12,2023
2376,14,12,2023
2377,14,12,2023
2378,14,12,2023
2379,14,12,2023
2380,14,12,2023
2381,14,12,2023
2382,14,12,2023
2383,14,12,2023
2384,14,12,2023
2385,14,12,2023
2386,14,12,2023
2387,14,12,2023
2388,14,12,2023
2389,14,12,2023
2390,14,12,2023
2391,14,12,2023
2392,14,12,2023
2393,14,12,2023
2394,14,12,2023
2395,14,12,2023
2396,14,12,2023
2397,14,12,2023
2398,14,12,2023
2399,14,12,2023
2400,14,12,2023
2401,14,12,2023
2402,14,12,2023
2403,14,12,2023
2404,14,12,2023
2405,14,12,2023
2406,14,12,2023
2407,14,12,2023
2408,14,12,2023
2409,14,12,2023
2410,14,12,2023
2411,14,12,2023
2412,14,12,2023
2413,14,12,2023
2414,14,12,2023
2415,14,12,2023
2416,14,12,2023
2417,14,12,2023
2418,14,12,2023
2419,14,12,2023
2420,14,12,2023
2421,14,12,2023
2422,14,12,2023
2423,14,12,2023
2424,14,12,2023
2425,14,12,2023
2426,14,12,2023
2427,14,12,2023
2428,14,12,2023
2429,14,12,2023
2430,14,12,2023
2431,14,12,2023
2432,14,12,2023
2433,14,12,2023
2434,14,12,2023
2435,14,12,2023
2436,14,12,2023
2437,14,12,2023
2438,14,12,2023
2439,14,12,2023
2440,14,12,2023
2441,14,12,2023
2442,14,12,2023
2443,14,12,2023
2444,14,12,2023
2445,14,12,2023
2446,14,12,2023
2447,14,12,2023
2448,14,12,2023
2449,14,12,2023
2450,14,12,2023
2451,14,12,2023
2452,14,12,2023
2453,14,12,2023
2454,14,12,2023
2455,14,12,2023
2456,14,12,2023
2457,14,12,2023
2458,14,12,2023
2459,14,12,2023
2460,14,12,2023
2461,14,12,2023
2462,14,12,2023
2463,14,12,2023
2464,14,12,2023
2465,14,12,2023
2466,14,12,2023
2467,14,12,2023
2468,14,12,2023
2469,14,12,2023
2470,14,12,2023
2471,14,12,2023
2472,14,12,2023
2473,14,12,2023
2474,14,12,2023
2475,14,12,2023
2476,14,12,2023
2477,14,12,2023
2478,14,12,2023
2479,14,12,2023
2480,14,12,2023
2481,14,12,2023
2482,14,12,2023
2483,14,12,2023
2484,14,12,2023
2485,14,12,2023
2486,14,12,2023
2487,14,12,2023
2488,14,12,2023
2489,14,12,2023
2490,14,12,2023
2491,14,12,2023
2492,14,12,2023
2493,14,12,2023
2494,14,12,2023
2495,14,12,2023
2496,14,12,2023
2497,14,12,2023
2498,14,12,2023
2499,14,12,2023
2500,14,12,2023
2501,14,12,2023
2502,14,12,2023
2503,14,12,2023
2504,14,12,2023
2505,14,12,2023
2506,14,12,2023
2507,14,12,2023
2508,14,12,2023
2509,14,12,2023
2510,14,12,2023
2511,14,12,2023
2512,14,12,2023
2513,14,12,2023
2514,14,12,2023
2515,14,12,2023
2516,14,12,2023
2517,14,12,2023
2518,14,12,2023
2519,14,12,2023
2520,14,12,2023
2521,14,12,2023
2522,14,12,2023
2523,14,12,2023
2524,14,12,2023
2525,14,12,2023
2526,14,12,2023
2527,14,12,2023
2528,14,12,2023
2529,14,12,2023
2530,14,12,2023
2531,14,12,2023
2532,14,12,2023
2533,14,12,2023
2534,14,12,2023
2535,14,12,2023
2536,14,12,2023
2537,14,12,2023
2538,14,12,2023
2539,14,12,2023
2540,14,12,2023
2541,14,12,2023
2542,14,12,2023
2543,14,12,2023
2544,14,12,2023
2545,14,12,2023
2546,14,12,2023
2547,14,12,2023
2548,14,12,2023
2549,14,12,2023
2550,14,12,2023
2551,14,12,2023
2552,14,12,2023
2553,14,12,2023
2554,14,12,2023
2555,14,12,2023
2556,14,12,2023
2557,14,12,2023
2558,14,12,2023
2559,14,12,2023
2560,14,12,2023
2561,14,12,2023
2562,14,12,2023
2563,14,12,2023
2564,14,12,2023
2565,14,12,2023
2566,14,12,2023
2567,14,12,2023
2568,14,12,2023
2569,14,12,2023
2570,14,12,2023
2571,14,12,2023
2572,14,12,2023
2573,14,12,2023
2574,14,12,2023
2575,14,12,2023
2576,14,12,2023
2577,14,12,2023
2578,14,12,2023
2579,14,12,2023
2580,14,12,2023
2581,14,12,2023
2582,14,12,2023
2583,14,12,2023
2584,14,12,2023
2585,14,12,2023
2586,14,12,2023
2587,14,12,2023
2588,14,12,2023
2589,14,12,2023
2590,14,12,2023
2591,14,12,2023
2592,14,12,2023
2593,14,12,2023
2594,14,12,2023
2595,14,12,2023
2596,14,12,2023
2597,14,12,2023
2598,14,12,2023
2599,14,12,2023
2600,14,12,2023
2601,14,12,2023
2602,14,12,2023
2603,14,12,2023
2604,14,12,2023
2605,14,12,2023
